CustomerID,Age,Tenure,Balance,NumProducts,HasCrCard,IsActiveMember,EstimatedSalary,Churn
20000,56,10,164516.78,1,0,1,101573.25,0
20001,69,56,105932.34,3,0,1,70129.76,0
20002,46,30,163010.89,3,0,0,141714.73,0
20003,32,114,99618.15,3,0,0,90458.71,0
20004,60,109,13435.08,2,0,0,142154.7,0
20005,25,5,81049.62,2,1,0,48662.88,0
20006,38,119,99492.98,3,1,1,114344.37,0
20007,56,33,144040.52,1,0,0,100242.37,0
20008,36,118,21315.75,1,1,1,116123.07,0
20009,40,65,28003.71,2,0,1,47906.82,0
20010,28,18,52736.76,1,1,1,106449.29,0
20011,28,96,53299.68,2,1,1,84745.25,0
20012,41,111,146436.92,3,0,0,116567.25,0
20013,53,49,50146.13,2,0,0,62515.8,0
20014,57,11,126619.61,2,0,0,135707.41,0
20015,41,85,98854.77,3,1,1,30959.17,0
20016,20,26,114658.88,1,0,1,124934.61,0
20017,39,63,167621.39,2,1,1,131971.55,0
20018,19,89,80876.3,2,0,1,126242.8,0
20019,41,86,154182.28,3,1,1,86654.43,0
20020,61,59,84407.21,1,1,0,76990.05,0
20021,47,27,70774.28,2,0,1,149514.1,0
20022,55,49,191725.44,3,1,0,49792.35,0
20023,19,77,36874.18,2,1,1,91093.88,0
20024,38,33,18067.39,3,0,1,107187.82,0
20025,50,98,154197.19,1,1,0,111112.79,0
20026,29,105,13649.94,1,0,0,46523.21,0
20027,39,99,167415.8,1,0,1,105019.23,0
20028,61,1,87438.68,1,0,1,126388.04,0
20029,42,21,183102.74,2,0,1,26502.41,0
20030,66,112,144306.57,2,1,1,138497.77,0
20031,44,55,122080.93,1,1,0,23835.53,0
20032,59,6,189861.36,1,1,1,66276.23,0
20033,45,92,79329.87,1,0,0,22055.72,0
20034,33,81,190817.39,2,1,1,30028.87,0
20035,32,69,27000.26,1,1,0,138451.88,0
20036,64,95,96750.99,1,0,0,66131.91,0
20037,68,5,53982.24,1,0,1,75220.3,0
20038,61,102,107968.56,3,1,0,47994.77,0
20039,69,3,32402.78,1,0,1,97622.45,1
20040,20,53,168305.93,3,0,0,97324.42,0
20041,54,23,169281.57,3,0,1,68386.05,0
20042,68,101,191047.26,1,0,0,63294.53,0
20043,24,53,30934.43,3,1,1,135045.36,0
20044,38,37,124666.51,1,0,1,69826.95,0
20045,26,74,94847.46,2,0,0,84155.13,0
20046,56,74,68876.75,2,0,0,56829.62,0
20047,35,83,70308.03,2,0,0,122280.04,0
20048,21,17,82558.71,2,0,0,71668.26,0
20049,42,85,140985.11,3,0,1,86769.44,0
20050,31,78,119657.21,1,0,0,52936.43,0
20051,67,73,91936.3,1,0,1,148395.75,0
20052,26,110,15186.68,1,1,0,57894.45,0
20053,43,1,15553.07,2,0,1,120196.53,0
20054,19,51,467.88,2,1,1,75574.43,0
20055,37,45,193539.88,1,0,1,46808.26,0
20056,45,77,1050.76,2,0,1,123963.44,0
20057,64,4,20618.75,1,0,0,63368.88,0
20058,24,62,62919.31,1,0,0,132475.14,0
20059,61,65,161486.05,1,1,1,138983.43,0
20060,25,113,192419.76,1,0,0,131777.1,0
20061,64,104,158002.71,1,0,0,24551.03,0
20062,52,32,138112.05,1,1,1,122358.53,0
20063,31,34,104260.13,1,1,0,73474.13,0
20064,34,92,17341.04,2,0,0,133583.98,0
20065,53,95,191634.16,1,1,0,102934.05,0
20066,67,72,151678.48,1,1,1,128373.61,0
20067,57,39,127789.88,2,1,0,84926.13,0
20068,21,26,151807.17,2,0,1,89553.32,0
20069,19,34,144820.67,2,0,0,38770.39,0
20070,23,54,127446.32,1,0,0,121918.36,0
20071,59,118,196115.36,3,1,0,74520.65,0
20072,21,3,180672.76,3,0,1,85010.42,0
20073,46,50,129332.98,2,1,1,122062.7,0
20074,35,12,138635.04,3,0,0,97849.9,0
20075,43,65,10319.16,2,0,1,46142.83,0
20076,61,54,133983.49,1,1,0,96730.25,0
20077,51,108,8833.09,3,0,1,72992.27,0
20078,27,5,117652.75,1,1,1,81038.32,0
20079,53,94,199870.7,3,1,0,23680.47,0
20080,31,94,111161.32,1,0,0,47303.82,0
20081,48,57,94642.02,3,1,0,56534.95,0
20082,65,17,62570.97,1,0,0,112684.8,0
20083,32,112,24104.52,1,0,1,21494.02,0
20084,25,47,146204.73,3,1,1,73141.04,0
20085,31,23,38519.81,1,0,1,140123.49,0
20086,40,79,23056.4,1,1,0,34544.48,0
20087,57,101,84352.53,1,0,0,87135.17,0
20088,38,85,159068.37,3,0,1,122247.91,0
20089,33,14,149012.91,3,0,0,142529.07,0
20090,62,66,10976.52,1,0,1,117080.96,0
20091,35,75,91028.74,1,0,1,113673.52,0
20092,64,51,104486.92,3,1,1,127443.45,0
20093,41,103,128909.33,3,1,1,78006.16,0
20094,43,38,130033.47,1,1,1,124759.79,0
20095,42,64,72939.45,1,1,0,21035.37,0
20096,62,98,112135.44,1,1,0,140192.94,0
20097,58,38,96212.38,2,1,0,77629.85,0
20098,46,50,176999.67,3,0,1,91939.42,0
20099,32,98,106053.03,2,0,1,53134.69,0
20100,62,82,88206.43,3,1,1,116529.01,0
20101,18,30,80897.09,3,1,1,29962.65,0
20102,42,79,114485.55,3,0,0,133442.65,0
20103,24,91,160795.4,3,0,0,127655.19,0
20104,26,51,107680.3,3,0,1,48087.82,0
20105,41,63,132331.04,3,1,1,125212.17,0
20106,18,98,147571.15,3,1,1,122226.51,0
20107,61,52,104033.62,2,1,0,102188.16,0
20108,25,38,85363.41,1,0,0,68557.62,0
20109,41,97,175333.08,1,0,0,55294.84,0
20110,28,88,83501.22,2,1,1,50131.87,0
20111,68,79,92388.57,2,1,1,61419.17,0
20112,34,30,198068.26,2,0,0,137462.6,0
20113,25,119,47.5,2,0,1,30093.3,0
20114,52,106,37094.58,3,0,0,127753.27,0
20115,52,51,76792.78,1,0,1,65355.71,0
20116,50,81,186517.98,3,1,0,87807.92,0
20117,22,5,14005.94,1,0,1,123283.13,0
20118,59,29,1897.09,1,0,0,134968.95,0
20119,56,4,10536.77,2,0,0,64821.58,0
20120,58,10,17708.68,3,1,0,80039.65,0
20121,45,56,7519.35,2,1,0,73887.09,0
20122,24,17,95956.27,3,0,0,21722.63,0
20123,26,74,116151.44,1,0,0,58472.58,0
20124,25,17,54337.39,2,0,1,79694.6,0
20125,29,84,79657.48,2,1,1,73442.17,0
20126,51,88,18339.87,1,1,1,113850.8,0
20127,50,69,67274.09,1,1,0,70024.47,0
20128,65,34,104503.84,1,0,0,83618.94,1
20129,40,6,146454.36,2,1,1,75849.12,0
20130,41,53,669.27,3,0,0,116281.4,0
20131,54,66,93462.15,2,0,0,132186.41,0
20132,52,77,59400.58,3,0,0,89145.58,0
20133,61,107,170564.36,2,1,0,122626.19,0
20134,57,43,143110.66,2,0,0,58582.27,0
20135,39,112,117821.71,1,1,1,90378.05,0
20136,44,75,55453.13,3,1,1,64879.89,0
20137,52,115,182067.82,2,0,1,73846.12,0
20138,18,111,9020.14,2,0,1,115213.8,0
20139,52,23,21893.52,1,1,1,134616.12,0
20140,54,55,78326.03,1,0,0,35794.4,0
20141,64,80,24887.51,3,1,0,102503.1,0
20142,31,95,191283.14,2,0,0,95678.69,0
20143,20,75,159597.86,3,1,0,35393.96,0
20144,18,118,51796.53,2,1,1,47546.26,0
20145,22,16,117710.85,3,1,1,60430.32,0
20146,43,8,196466.1,1,1,1,41701.04,0
20147,31,4,176839.8,2,0,0,51684.83,0
20148,56,104,120159.69,3,0,1,54788.1,0
20149,44,4,180744.79,1,1,0,63637.6,0
20150,26,56,197836.98,1,1,1,117420.76,0
20151,32,25,148670.56,3,0,1,94348.59,0
20152,32,67,12997.28,2,0,0,148212.07,0
20153,43,96,80316.05,2,0,0,73915.66,0
20154,59,67,167565.15,1,0,1,118002.46,0
20155,30,27,46113.84,2,0,1,133290.89,0
20156,68,93,166128.5,2,0,0,108267.2,0
20157,49,32,24067.75,2,1,1,73542.42,0
20158,56,50,9389.07,1,0,1,117967.3,0
20159,66,61,76818.12,3,0,0,46476.73,0
20160,69,51,7346.39,2,1,1,62581.78,0
20161,49,19,191454.05,1,0,0,91069.08,0
20162,21,21,165241.14,1,0,1,94803.22,0
20163,47,5,160153.94,3,0,0,22878.39,0
20164,54,82,125955.58,2,0,1,142864.84,0
20165,40,92,43264.8,2,0,0,110561.55,0
20166,56,42,103652.07,3,1,1,84441.49,0
20167,62,61,119454.81,3,0,0,141306.54,0
20168,32,22,105006.3,1,1,1,77082.42,0
20169,60,21,52046.67,1,1,1,147456.62,0
20170,46,70,103049.58,3,0,1,86597.02,0
20171,53,1,98237.27,2,1,1,34857.15,0
20172,30,5,199267.16,1,0,1,119424.13,0
20173,49,105,179487.23,1,1,1,108256.7,0
20174,24,12,92676.15,2,1,1,120488.27,0
20175,68,90,124587.48,1,0,1,143687.46,0
20176,39,46,149574.32,2,0,1,120943.61,0
20177,45,34,6973.03,2,0,0,99473.76,0
20178,19,49,178984.29,2,0,0,131450.16,0
20179,59,78,172025.36,3,0,1,107522.04,0
20180,62,90,91486.42,3,1,0,73055.48,0
20181,23,45,78233.95,3,1,1,135130.57,0
20182,45,27,54591.87,2,1,1,48847.06,0
20183,45,73,95335.37,2,1,0,112903.37,0
20184,61,26,8875.33,3,1,1,134603.25,0
20185,61,47,170438.71,1,1,1,115071.15,0
20186,37,86,7084.47,2,1,0,110645.8,1
20187,47,111,65810.27,1,0,0,117842.98,0
20188,28,56,186317.9,1,0,1,80457.18,0
20189,45,94,147042.53,2,1,0,133642.19,0
20190,42,107,56278.19,2,1,0,46446.74,0
20191,56,63,50529.82,1,0,1,36560.23,0
20192,50,48,1016.43,1,0,0,57116.14,0
20193,18,61,139142.86,3,0,0,89105.06,0
20194,44,81,9756.72,3,0,1,86373.03,0
20195,69,26,106520.5,2,1,0,126677.84,0
20196,30,36,192424.39,3,0,0,72593.93,0
20197,58,1,21893.77,3,1,1,82964.78,0
20198,20,8,178895.99,3,1,1,21737.8,0
20199,56,113,198295.07,3,1,1,73266.1,0
20200,23,99,12303.41,1,0,0,104210.65,0
20201,25,52,176581.25,2,0,1,22016.08,0
20202,44,79,103215.8,3,1,1,56514.66,0
20203,26,47,181302.74,1,1,0,47034.33,0
20204,54,56,114263.79,1,1,1,25458.11,1
20205,50,86,132422.4,1,0,1,82303.81,0
20206,68,14,108755.78,3,1,1,43624.03,0
20207,59,90,172898.58,3,0,1,116600.6,0
20208,61,28,146781.98,2,1,0,130230.62,0
20209,41,87,104252.06,3,1,1,90926.07,0
20210,32,78,173632.16,3,1,1,147621.95,0
20211,49,88,49057.11,1,0,0,78562.21,0
20212,49,2,31468.13,2,0,1,86737.87,0
20213,41,109,32080.02,3,1,0,148598.31,0
20214,58,26,66801.78,3,0,0,50101.3,0
20215,69,14,47738.01,1,1,0,142530.97,0
20216,66,59,186018.07,1,0,1,25568.88,0
20217,66,56,21166.82,3,0,0,78030.3,0
20218,69,115,139798.15,2,0,0,29100.46,0
20219,29,7,37844.31,2,1,0,114800.52,0
20220,56,3,176327.43,1,0,1,99093.16,0
20221,19,111,192263.06,1,0,1,111862.45,0
20222,20,23,93094.0,3,1,1,68682.45,0
20223,66,110,175814.3,1,1,1,68032.65,0
20224,54,107,1029.03,3,1,1,25891.51,0
20225,66,111,163989.38,2,1,1,65492.84,0
20226,34,109,45725.03,2,0,1,140807.49,0
20227,66,18,181740.26,3,0,0,69299.45,0
20228,19,38,224.02,1,0,0,128077.8,0
20229,19,99,111236.35,2,0,0,129502.32,0
20230,45,115,151327.16,1,0,0,68521.35,0
20231,40,15,51737.67,2,1,1,102158.53,0
20232,54,64,38626.57,3,0,0,32398.31,0
20233,49,89,16819.64,3,0,0,33478.22,1
20234,50,119,65286.72,3,0,0,26325.5,0
20235,18,101,111968.86,2,1,0,95531.96,0
20236,36,28,23168.77,1,1,1,75389.23,1
20237,19,74,75339.07,1,0,1,91244.21,0
20238,61,39,1814.48,1,1,1,87739.51,0
20239,43,57,163735.88,2,1,0,65526.39,0
20240,49,17,25689.74,2,1,1,108071.54,0
20241,23,103,56668.59,2,1,0,118605.24,0
20242,49,86,3685.54,2,1,1,21901.67,0
20243,21,90,86448.16,2,1,1,46941.5,0
20244,28,44,168024.3,1,1,1,112720.66,0
20245,34,25,78430.24,2,0,1,70260.62,0
20246,55,17,35899.46,2,0,1,106122.91,0
20247,41,13,150739.77,1,1,0,65105.15,0
20248,22,84,157761.4,2,0,1,70798.17,0
20249,69,25,34750.7,1,0,0,40628.25,0
20250,51,68,154170.82,1,1,0,53570.03,0
20251,23,10,189459.58,3,0,0,98703.53,0
20252,39,67,33275.52,3,1,0,76311.2,0
20253,28,105,154196.86,3,1,0,120659.35,0
20254,65,109,141714.4,3,1,1,130836.04,0
20255,33,18,94714.78,2,0,1,90414.03,0
20256,50,111,11584.09,3,0,1,118574.75,0
20257,26,100,14938.88,1,0,1,59897.59,0
20258,23,111,170482.93,2,0,0,73946.26,0
20259,33,86,198029.67,3,1,1,112661.1,0
20260,46,34,135210.45,1,1,1,70207.56,0
20261,20,111,89191.66,2,0,0,96505.64,0
20262,37,8,129514.73,2,1,0,44098.46,0
20263,53,40,118879.17,3,1,1,97970.27,0
20264,36,113,76722.45,2,0,1,131996.78,0
20265,43,108,13125.23,1,1,0,132923.15,0
20266,20,83,164302.59,2,0,1,114164.77,0
20267,36,42,74366.71,1,1,1,116947.94,0
20268,37,41,163757.13,2,0,1,92530.57,0
20269,49,101,50501.75,3,1,1,96006.85,0
20270,24,6,205.9,1,1,0,37374.58,1
20271,69,52,31787.66,2,0,0,77701.69,0
20272,58,26,93707.88,2,0,0,78600.92,0
20273,50,64,188860.73,2,0,1,144604.72,0
20274,57,98,20438.72,1,0,1,76041.29,0
20275,56,59,170841.95,1,1,1,91414.54,0
20276,35,56,105404.82,1,1,1,89322.68,0
20277,57,59,165184.15,3,0,1,102779.02,0
20278,18,109,59674.89,3,1,0,117270.27,1
20279,28,70,167989.43,1,0,1,49255.44,0
20280,45,101,154564.56,2,0,1,88734.17,0
20281,42,33,46010.74,3,1,0,127369.3,0
20282,67,53,26267.03,1,1,1,80204.91,0
20283,40,22,173610.86,2,0,0,56199.48,0
20284,48,21,192647.33,3,0,0,105112.18,0
20285,47,70,6260.46,2,0,0,127089.76,1
20286,59,70,146254.01,2,1,0,28208.24,0
20287,52,119,181904.9,2,1,0,120982.76,0
20288,24,112,171472.02,2,1,1,126814.23,0
20289,33,4,192904.09,3,1,0,79997.98,0
20290,43,94,152018.82,3,0,0,147829.74,0
20291,65,75,88459.75,3,0,1,122272.08,0
20292,69,62,62390.4,1,0,1,120576.13,0
20293,66,62,64148.55,3,0,0,117219.01,0
20294,19,94,144884.53,2,0,1,39579.05,0
20295,18,95,149167.4,3,0,1,48240.02,0
20296,65,24,40071.83,2,1,0,80318.72,0
20297,29,55,173624.56,1,1,0,54320.57,0
20298,22,9,142984.81,2,0,1,73981.33,0
20299,54,119,112550.06,2,0,0,135500.33,0
20300,49,3,94306.49,2,1,0,127162.5,0
20301,26,115,108646.56,1,1,1,101905.18,0
20302,58,31,31849.15,3,1,0,131555.65,0
20303,52,40,40740.25,3,1,0,121890.41,0
20304,36,101,18232.9,1,0,0,75768.04,0
20305,65,36,30731.61,2,0,0,46138.47,0
20306,33,24,90738.73,3,0,0,86846.14,1
20307,20,95,106070.88,1,0,1,115709.75,0
20308,37,6,3572.38,3,0,1,76734.55,0
20309,41,66,159359.57,1,1,0,106680.35,0
20310,50,84,58833.59,2,0,1,32262.57,0
20311,41,92,182367.21,3,1,0,117240.62,0
20312,69,75,193502.25,1,0,0,125652.77,0
20313,28,4,37091.77,3,0,0,111888.92,0
20314,66,79,92419.46,3,0,0,145744.27,0
20315,25,6,246.37,3,0,0,127464.77,0
20316,53,118,119665.45,3,0,1,137402.18,0
20317,55,113,121461.29,1,1,1,141364.24,0
20318,57,94,49507.99,2,1,0,124175.24,0
20319,37,102,111682.53,1,1,1,107653.65,0
20320,52,51,45108.03,1,0,0,20743.42,0
20321,65,62,32165.09,1,0,1,80557.35,0
20322,42,57,130303.89,2,1,0,94251.1,0
20323,52,66,65185.09,3,0,1,59523.94,0
20324,42,79,118052.79,3,0,0,61353.58,0
20325,46,75,86649.35,3,1,0,144950.72,0
20326,35,8,196870.28,2,0,1,135922.41,0
20327,63,26,29916.13,3,1,1,130393.27,0
20328,35,51,92919.72,2,0,0,72781.53,0
20329,19,45,136091.33,3,1,1,21780.81,0
20330,52,44,79109.02,3,0,0,30428.89,0
20331,33,5,194939.97,1,0,1,60585.53,0
20332,58,70,144377.53,2,1,1,22046.58,0
20333,53,26,131396.77,1,0,0,22229.47,0
20334,50,118,151411.85,1,0,1,139158.43,0
20335,21,68,190529.73,1,1,1,111800.61,0
20336,50,19,181563.73,2,0,0,60164.28,0
20337,31,84,144857.06,2,1,1,37243.8,0
20338,38,97,149832.33,3,0,0,86512.64,0
20339,65,20,29184.41,1,0,0,20695.0,1
20340,37,113,20558.48,3,0,0,141993.79,0
20341,25,12,114180.9,1,0,0,73925.97,0
20342,24,47,3673.53,2,1,0,72303.54,1
20343,20,1,96471.28,2,0,1,70777.17,0
20344,34,90,42069.92,2,1,0,29012.68,0
20345,50,14,69203.31,1,0,0,102981.89,0
20346,65,64,155160.95,2,0,1,115290.47,0
20347,29,38,188247.5,1,0,1,107896.3,0
20348,68,37,14483.25,3,0,1,37996.61,0
20349,39,11,106848.44,1,1,0,95249.22,0
20350,39,100,176506.7,3,1,0,94032.98,0
20351,63,77,16501.71,1,1,0,132893.4,1
20352,47,107,164902.81,3,1,1,69286.6,0
20353,55,3,71560.27,2,0,0,68293.17,1
20354,55,33,64418.94,3,1,1,100408.52,0
20355,62,6,195493.28,2,1,0,102299.44,0
20356,68,50,40171.82,2,0,1,81007.08,0
20357,25,10,138638.79,3,0,0,77597.72,0
20358,44,5,164288.15,1,0,0,84239.2,0
20359,44,23,8236.7,1,0,0,131935.89,0
20360,51,10,134077.09,1,1,1,79951.7,0
20361,38,44,190309.99,1,1,1,142191.13,0
20362,47,2,24843.99,1,0,0,85520.49,0
20363,50,13,179244.26,2,0,0,143396.09,0
20364,45,40,118955.33,1,0,0,128268.15,0
20365,64,2,123320.92,2,1,1,67116.07,0
20366,50,84,122588.83,2,1,0,132273.38,0
20367,22,65,59767.18,2,0,0,34308.23,0
20368,65,63,187040.36,3,0,0,140256.13,0
20369,36,101,189470.09,3,1,0,102113.66,0
20370,21,73,125060.93,2,0,1,27070.8,0
20371,52,17,156684.55,3,0,1,103753.37,0
20372,66,9,122451.6,1,1,0,146652.2,1
20373,34,75,96879.69,1,0,0,29074.09,0
20374,61,15,132164.02,2,1,1,92109.4,0
20375,45,24,110600.29,1,0,1,117213.27,0
20376,47,38,119495.17,2,0,0,125333.62,0
20377,46,119,156766.51,2,1,1,73797.57,0
20378,63,35,96180.77,1,1,1,46541.65,0
20379,23,94,8150.82,3,0,0,25504.5,0
20380,52,95,32799.9,1,1,1,95364.4,0
20381,58,49,87721.44,1,0,1,78878.44,0
20382,54,69,144965.31,2,0,0,143336.77,0
20383,41,62,118655.73,2,1,0,27878.64,0
20384,46,60,130058.84,2,0,1,109101.39,0
20385,66,108,95855.79,2,0,0,23245.61,0
20386,63,50,123148.4,3,1,1,42286.44,0
20387,48,78,65803.49,3,1,0,78965.27,0
20388,52,117,94036.52,3,0,1,79133.42,0
20389,50,75,148855.81,2,1,0,109141.07,0
20390,69,9,174366.56,2,1,1,138327.69,0
20391,38,34,86731.07,2,1,1,103074.18,0
20392,49,76,8732.33,3,1,1,143959.56,0
20393,40,99,32334.51,2,0,0,134610.03,0
20394,50,35,4172.23,1,0,0,95984.97,0
20395,20,1,130652.6,1,0,1,128392.95,0
20396,35,40,66462.93,2,1,1,103535.09,0
20397,42,64,108495.73,1,1,0,30212.52,0
20398,59,22,98655.37,1,1,0,116273.41,0
20399,48,60,16305.3,3,1,0,32338.1,0
20400,20,64,80652.27,2,1,0,97230.76,0
20401,57,93,44112.22,2,1,0,111343.23,0
20402,63,72,83679.96,3,1,0,28648.59,0
20403,41,11,40715.66,1,0,1,50003.31,0
20404,67,105,168090.48,1,0,0,139037.39,0
20405,49,101,34838.67,2,1,1,100120.88,0
20406,64,14,192156.11,1,1,0,52017.18,0
20407,39,60,83181.47,3,1,0,109788.37,0
20408,40,30,169249.06,3,0,1,97580.93,0
20409,19,35,125752.96,2,0,1,85204.84,0
20410,44,85,147070.06,3,1,0,146904.31,0
20411,59,37,153544.78,3,1,1,108848.99,0
20412,19,5,100968.98,2,0,1,68807.34,0
20413,43,83,108660.1,3,0,1,124009.55,0
20414,34,78,102799.17,3,0,1,134995.83,0
20415,57,26,117611.68,3,0,0,36278.67,0
20416,50,62,5878.89,1,1,1,46071.89,0
20417,26,4,79103.03,2,0,0,48109.51,0
20418,60,89,121237.74,2,0,0,109857.54,0
20419,65,109,119544.71,2,1,0,98395.14,0
20420,56,42,158591.22,1,0,0,100468.9,0
20421,46,89,131001.87,1,0,1,142300.53,0
20422,59,18,198426.66,2,0,1,120868.5,0
20423,43,40,56770.91,1,1,0,36631.8,0
20424,52,72,71830.21,2,0,0,65175.92,0
20425,67,39,76769.43,1,1,0,76601.17,0
20426,42,104,93162.56,3,1,0,71475.01,0
20427,41,14,167199.61,3,0,1,107010.12,0
20428,30,32,47158.42,2,0,0,135946.1,0
20429,24,51,155200.04,1,0,1,59786.69,0
20430,53,38,81062.04,1,0,0,91744.03,0
20431,62,97,120371.08,3,1,0,122623.22,0
20432,37,23,126508.11,3,0,0,74108.35,0
20433,18,63,74569.73,1,0,0,41855.36,0
20434,25,15,102523.04,1,0,1,81743.63,1
20435,63,97,82606.23,1,1,1,27178.93,0
20436,33,25,13826.56,1,0,1,142509.85,0
20437,31,17,87433.08,1,0,0,29726.76,0
20438,29,97,19478.68,1,1,0,76999.37,0
20439,68,111,81004.16,2,1,1,88884.56,0
20440,40,119,118583.68,1,0,1,148089.5,0
20441,32,66,115882.98,3,0,0,41582.84,0
20442,45,78,132524.26,2,0,0,34876.1,0
20443,51,53,19052.3,1,0,1,21131.8,0
20444,19,104,130424.65,3,0,0,40224.29,0
20445,49,104,62429.61,2,1,0,46945.49,0
20446,40,51,79809.19,3,1,1,101975.52,0
20447,39,39,171597.25,1,0,0,48561.88,0
20448,68,51,1806.08,1,0,1,22667.71,0
20449,42,70,117682.53,1,1,0,127460.38,0
20450,39,6,119742.8,1,0,1,67527.44,0
20451,39,67,79331.96,2,0,0,65980.57,0
20452,66,7,47405.57,2,0,1,59322.27,0
20453,69,51,46934.81,3,0,1,146798.53,0
20454,59,72,176741.93,1,0,1,42115.0,0
20455,23,42,88404.87,3,1,1,136770.95,0
20456,32,64,66177.87,2,0,0,120984.43,0
20457,60,116,89755.51,1,0,0,29942.39,0
20458,54,15,133878.08,1,0,1,148274.78,0
20459,50,111,29151.31,2,1,0,55277.58,0
20460,25,29,89886.77,2,1,0,32815.78,0
20461,61,33,117576.87,2,1,0,127810.85,0
20462,61,116,189716.67,2,1,0,111867.82,0
20463,22,94,50505.56,2,0,0,100238.44,0
20464,56,103,71850.15,1,1,1,40277.51,0
20465,21,27,75871.72,2,0,1,82204.5,0
20466,23,36,121107.63,1,0,1,121472.28,0
20467,62,29,71346.41,1,1,1,59471.11,0
20468,49,38,106702.39,2,1,0,60519.68,0
20469,69,57,156358.07,2,1,0,20408.32,0
20470,47,97,141077.12,1,1,1,42651.64,0
20471,64,101,89273.73,2,1,0,133802.73,0
20472,52,27,172843.24,2,0,0,77427.04,0
20473,57,55,111628.05,2,1,1,147950.48,0
20474,69,33,107981.17,3,1,0,71442.04,0
20475,33,68,6837.55,1,1,1,112974.24,0
20476,30,86,197338.6,3,0,1,56649.48,0
20477,67,66,24594.16,2,1,0,67295.25,0
20478,59,10,46226.18,3,0,0,44794.38,0
20479,47,5,10339.37,2,1,1,65118.11,0
20480,36,74,128000.59,3,1,1,91140.88,0
20481,34,97,44940.24,2,0,0,148930.47,0
20482,36,118,36002.09,3,1,1,106346.22,0
20483,45,38,17711.12,3,0,1,45901.97,0
20484,43,13,20661.79,3,0,1,25844.99,0
20485,54,31,116934.14,1,0,0,36426.34,0
20486,43,47,137641.57,3,1,1,93132.18,0
20487,40,100,79475.8,1,1,0,119470.84,0
20488,26,109,95979.42,2,1,1,142254.5,0
20489,29,88,137193.55,3,0,0,22057.01,0
20490,18,52,3475.96,2,1,1,87958.82,0
20491,18,56,64626.13,2,0,0,81212.76,0
20492,64,15,194619.55,3,1,0,105287.15,0
20493,51,29,116022.45,1,0,0,92745.25,0
20494,49,8,50844.92,3,0,1,109315.09,0
20495,65,5,104346.01,2,0,1,105550.74,0
20496,42,29,68530.7,2,1,1,35211.52,0
20497,57,47,106449.0,3,0,0,123963.33,1
20498,62,68,25148.3,1,0,1,36020.23,0
20499,18,76,26542.93,1,0,0,110808.98,0
20500,33,45,28708.47,2,0,1,74098.9,0
20501,56,2,187963.96,2,0,0,86800.6,0
20502,22,27,146579.78,1,0,0,137428.74,0
20503,39,95,32476.38,3,1,0,135684.88,0
20504,46,115,37669.82,2,1,1,126321.32,0
20505,20,115,146165.89,1,0,1,86319.29,0
20506,29,36,31232.77,2,1,1,115711.18,0
20507,43,36,46912.26,3,1,0,86676.62,0
20508,33,26,192669.37,1,0,0,133048.79,0
20509,68,43,51061.3,2,0,1,72360.86,0
20510,54,27,132326.47,3,0,1,146130.59,0
20511,39,69,195726.26,2,1,1,141201.96,0
20512,46,20,74859.35,3,0,0,116408.34,1
20513,31,11,3503.2,3,1,0,56324.06,0
20514,45,74,48829.46,1,0,0,37114.97,0
20515,22,104,166175.44,3,1,0,131111.45,0
20516,64,38,172921.77,2,0,0,41489.3,0
20517,66,6,153703.87,3,0,1,131053.9,0
20518,47,72,22621.96,3,1,0,83799.45,0
20519,63,23,159102.07,1,1,0,72852.38,0
20520,69,47,183735.56,3,1,0,137414.8,0
20521,22,90,120121.91,3,1,0,98500.63,0
20522,29,46,188175.07,2,1,0,94959.82,0
20523,33,107,165367.78,1,1,1,92639.57,0
20524,43,12,133394.3,1,0,0,68252.04,0
20525,43,90,115437.05,1,1,0,122133.6,0
20526,65,13,69714.73,3,0,0,52863.8,0
20527,38,104,31857.49,1,0,1,142056.34,0
20528,56,62,120990.78,3,1,1,136218.08,0
20529,53,82,63622.31,3,0,1,63872.44,0
20530,50,89,173287.73,2,1,0,114830.29,0
20531,47,97,198667.39,2,1,1,94519.02,0
20532,54,111,150485.55,2,0,0,63894.41,0
20533,40,104,18096.34,2,0,0,148507.81,1
20534,27,60,57737.12,2,1,1,23280.85,0
20535,22,43,21821.93,3,1,0,52843.98,1
20536,53,76,130102.33,3,0,0,87609.63,0
20537,51,108,153038.17,1,0,0,87853.89,0
20538,69,100,185134.97,3,0,1,96561.3,0
20539,48,112,87634.47,3,0,0,117717.9,0
20540,27,68,180275.13,2,1,0,101052.12,0
20541,36,5,175578.23,3,1,1,98036.59,0
20542,49,37,63439.14,2,1,0,26956.88,0
20543,18,72,173780.13,1,1,0,68948.94,0
20544,22,106,75134.45,1,0,1,50167.25,0
20545,62,113,59373.85,3,0,0,54498.11,0
20546,21,92,129814.93,1,1,0,92063.87,0
20547,33,31,65676.25,3,1,0,45935.69,0
20548,41,9,126041.75,1,1,0,58213.38,0
20549,33,118,121966.36,2,1,0,50821.01,0
20550,19,51,112687.79,2,1,1,143305.38,0
20551,66,29,76083.94,2,1,1,142806.55,0
20552,45,78,109699.94,2,1,1,99292.4,0
20553,49,40,119297.09,3,1,1,140187.92,0
20554,44,41,109137.38,1,1,0,122155.64,0
20555,37,86,88883.89,3,0,0,96693.22,0
20556,41,11,2933.41,2,1,0,20836.58,0
20557,29,23,117412.34,3,0,0,120427.12,0
20558,67,1,33688.88,1,0,0,111323.48,1
20559,52,46,128515.19,3,1,1,99982.97,0
20560,50,101,151868.87,1,1,1,118855.16,0
20561,50,21,100089.06,3,0,0,86679.88,0
20562,68,90,108472.73,1,0,0,111530.83,0
20563,60,110,190295.71,1,1,0,141572.37,0
20564,54,36,169433.47,2,0,1,68854.65,0
20565,29,54,182847.3,1,1,0,112055.84,0
20566,20,87,162753.26,2,1,0,81839.42,0
20567,18,57,21783.67,2,1,0,107671.95,0
20568,50,1,29798.37,2,0,1,119176.13,0
20569,57,63,105324.76,3,0,0,25908.83,0
20570,27,54,49213.93,3,1,1,104058.06,0
20571,60,55,95339.1,3,0,1,49476.35,0
20572,61,115,78873.06,3,0,1,107104.23,0
20573,46,40,109882.85,1,0,1,80882.92,0
20574,30,15,149375.14,1,0,1,120561.86,0
20575,29,21,143098.18,3,0,1,36042.11,0
20576,48,47,104246.83,1,0,0,101421.91,0
20577,63,73,164478.68,1,0,0,56201.19,0
20578,19,53,86172.42,2,1,0,130887.66,0
20579,68,9,179342.86,2,0,1,140689.86,0
20580,67,74,14256.05,2,0,0,149531.78,0
20581,52,52,190932.01,2,0,1,123480.96,0
20582,40,57,130938.62,1,0,1,117985.43,0
20583,34,117,76014.9,3,0,1,48015.1,0
20584,43,26,39430.83,1,0,0,63680.92,0
20585,25,41,95836.65,1,0,1,80538.73,0
20586,46,35,38911.66,1,0,1,120539.54,0
20587,43,63,33266.32,2,1,0,138945.56,0
20588,27,116,123470.35,2,0,0,44588.08,0
20589,43,25,104616.94,2,0,1,139907.77,0
20590,51,90,134019.21,3,0,1,110431.2,0
20591,68,75,185921.18,1,0,0,99400.19,0
20592,58,38,106452.04,3,1,0,45979.37,0
20593,24,2,116186.41,2,1,0,27218.25,0
20594,21,7,17925.27,3,1,1,93900.44,0
20595,67,82,143527.16,1,1,0,104697.04,0
20596,62,91,79981.04,1,1,0,47401.59,0
20597,28,34,195345.05,2,1,0,92339.31,0
20598,46,91,164634.8,2,1,1,131344.14,0
20599,53,17,104496.21,3,1,0,128558.57,0
20600,42,43,24644.53,2,1,0,140556.17,0
20601,38,59,171883.16,2,1,0,67565.16,0
20602,53,108,159956.22,1,1,0,61346.44,0
20603,27,51,36917.03,2,1,0,117425.38,0
20604,54,54,59055.66,2,1,1,76044.61,0
20605,26,24,158681.45,1,1,1,31381.33,0
20606,41,25,37045.69,1,1,1,56764.15,0
20607,52,71,183550.5,3,1,0,74415.7,0
20608,66,52,84905.49,2,0,1,58027.14,0
20609,52,70,17407.79,1,1,1,63186.72,0
20610,65,117,163149.73,3,0,1,58190.87,0
20611,53,88,74701.94,3,1,0,25394.89,0
20612,35,33,105299.84,2,1,0,102822.31,0
20613,66,49,22460.87,2,0,1,97648.01,0
20614,56,29,516.8,3,1,1,104939.85,0
20615,49,63,127597.04,1,0,0,45000.29,0
20616,41,107,103035.03,3,0,0,58435.09,0
20617,40,22,118707.71,2,0,1,100550.07,0
20618,49,26,158748.77,1,1,0,97951.58,0
20619,54,28,129321.18,1,1,1,85822.94,0
20620,29,114,34954.69,3,1,0,65553.72,0
20621,66,85,72154.5,2,0,1,138681.03,0
20622,30,49,181178.22,3,0,1,64170.13,0
20623,40,71,153988.94,3,1,0,79230.49,0
20624,42,81,111327.41,3,1,1,108154.8,0
20625,52,84,51129.0,1,1,1,90592.79,0
20626,58,105,60412.1,1,1,1,65095.18,0
20627,47,49,146391.61,2,1,0,76633.82,0
20628,34,20,170234.85,2,0,0,123282.51,0
20629,66,118,134284.93,3,0,0,56156.79,0
20630,37,86,161906.0,3,0,1,38493.18,0
20631,65,92,153331.23,3,1,0,60711.22,0
20632,42,63,29940.79,2,0,1,130439.45,0
20633,39,61,84788.96,1,0,1,31568.66,0
20634,30,104,30596.76,1,0,0,148920.49,0
20635,36,49,47047.12,3,0,0,90330.38,0
20636,66,71,173851.92,3,0,1,148029.95,0
20637,53,1,94578.39,3,1,1,142069.53,0
20638,29,96,107071.62,3,0,0,78865.78,0
20639,58,13,35689.19,2,1,0,45803.84,0
20640,36,94,62454.36,1,1,0,41435.02,0
20641,29,87,46049.23,3,1,1,51198.62,0
20642,26,51,41237.23,2,1,1,112317.24,0
20643,24,56,127592.16,3,1,1,55483.5,0
20644,45,83,51376.77,3,0,1,64385.29,0
20645,31,62,126403.1,1,0,1,78341.24,0
20646,48,32,11690.92,3,1,0,138720.25,0
20647,69,30,28354.88,1,1,0,44621.14,0
20648,36,29,54908.05,1,1,1,20653.45,0
20649,64,49,119409.38,1,0,1,27812.53,0
20650,33,45,135168.25,2,1,0,137619.62,0
20651,22,93,88543.39,2,0,0,104177.14,0
20652,52,30,89158.18,1,1,0,55495.28,0
20653,29,16,144903.37,3,0,0,43035.03,0
20654,42,40,3164.22,1,1,1,58254.68,0
20655,69,19,68218.0,3,0,0,34923.6,0
20656,38,18,163741.41,1,1,1,142399.28,0
20657,53,1,120643.88,3,0,0,121946.8,0
20658,40,78,67445.43,2,0,0,80110.85,0
20659,33,115,181104.96,3,0,0,132445.14,0
20660,56,47,154524.55,1,0,1,52429.57,0
20661,62,114,52979.09,2,0,1,113225.67,0
20662,59,66,129057.97,3,0,0,131297.22,0
20663,56,118,119150.15,3,0,1,66379.93,0
20664,31,92,80237.58,3,1,1,118470.38,0
20665,48,113,73391.22,3,1,0,58359.41,0
20666,22,114,68712.09,3,1,0,58851.43,0
20667,52,94,123431.16,2,1,1,33917.43,0
20668,40,38,88481.99,2,1,1,77207.55,0
20669,46,51,166372.62,2,0,1,114862.55,0
20670,60,63,133920.52,2,0,0,142228.7,0
20671,28,4,13986.32,1,0,0,98493.61,1
20672,35,1,128033.64,2,0,1,132207.62,0
20673,64,8,54229.49,3,0,0,126924.3,0
20674,29,29,118562.4,3,1,0,42534.6,0
20675,26,55,136026.39,2,1,1,83156.27,0
20676,27,103,46165.84,3,1,1,35200.06,0
20677,61,3,91371.73,2,1,0,108679.91,0
20678,34,32,38064.97,3,0,0,143486.96,0
20679,55,10,10467.78,1,0,1,37821.63,0
20680,24,74,75695.28,1,0,0,115404.81,0
20681,63,83,72588.85,2,1,0,102190.96,0
20682,30,110,199096.1,2,0,1,95868.65,0
20683,57,34,89270.47,2,1,1,70715.63,0
20684,59,97,66713.91,3,0,0,66167.11,0
20685,26,87,116095.0,2,0,0,25882.39,0
20686,67,55,17753.48,1,1,0,48328.13,1
20687,44,92,192333.15,3,0,1,21972.99,0
20688,19,32,126992.01,2,0,0,95584.22,0
20689,22,50,150967.56,3,1,0,33760.92,0
20690,46,7,34095.59,3,0,1,133492.52,0
20691,54,93,81895.57,2,1,1,88008.59,0
20692,55,8,84537.82,3,0,0,110959.69,0
20693,36,65,164361.29,1,0,1,73411.42,0
20694,25,57,247.34,1,0,1,92875.38,0
20695,65,119,60170.62,3,0,0,142545.69,0
20696,62,67,196247.27,2,0,1,30755.43,0
20697,18,88,94977.31,3,0,1,53011.91,0
20698,39,87,76505.26,1,0,0,121398.48,0
20699,69,59,23965.8,3,0,1,32835.84,0
20700,34,72,194832.93,3,1,0,29835.94,0
20701,24,54,4005.27,1,1,0,67000.38,0
20702,42,111,147436.05,3,0,1,31981.83,0
20703,62,101,153719.96,3,0,1,96060.2,0
20704,21,67,48731.34,2,1,1,49415.78,0
20705,53,51,134311.69,2,0,0,136440.74,0
20706,23,97,18585.83,1,0,1,121855.01,0
20707,48,92,51409.45,1,1,0,110961.68,0
20708,36,111,157580.4,1,0,1,100202.72,0
20709,61,8,172937.24,2,0,1,132250.54,0
20710,56,34,121697.28,1,1,1,48998.07,0
20711,44,35,101367.69,1,0,0,133504.15,0
20712,27,96,31860.8,1,0,1,122634.0,0
20713,43,88,12621.81,2,1,1,117260.91,0
20714,36,78,23529.81,3,0,0,92963.24,0
20715,56,32,45471.46,1,1,0,52011.74,0
20716,20,46,68334.9,3,0,1,75061.23,0
20717,62,107,76181.91,1,0,1,123164.19,0
20718,30,16,69264.35,3,1,1,24131.2,0
20719,67,68,47811.07,2,1,0,121666.6,0
20720,45,116,101944.85,2,0,0,51209.2,0
20721,37,37,165057.22,1,1,0,38760.2,0
20722,45,54,55940.71,3,1,0,35041.17,0
20723,25,85,188477.4,2,0,1,23542.5,0
20724,58,14,174667.33,1,0,0,88066.24,0
20725,56,95,32352.84,1,0,0,48373.78,1
20726,18,55,157255.19,2,1,0,148626.13,0
20727,20,48,114917.48,2,1,1,94676.78,0
20728,30,82,113315.07,1,1,1,37925.09,0
20729,45,7,78208.55,3,1,0,109539.13,0
20730,66,74,100230.6,3,0,0,136706.66,0
20731,42,7,79435.76,3,1,1,116873.33,0
20732,50,33,107946.52,1,0,1,29937.18,0
20733,55,23,125590.01,2,1,1,136464.94,0
20734,23,85,134860.76,1,0,1,123210.82,0
20735,61,19,106496.24,2,0,1,40579.51,0
20736,62,112,144284.41,3,0,1,26732.17,0
20737,49,19,28255.61,3,1,1,92450.37,0
20738,62,36,42396.5,2,0,1,40284.66,0
20739,64,29,163747.0,2,0,0,128496.82,0
20740,38,60,64505.6,1,1,0,66583.51,0
20741,33,82,4578.76,3,0,0,138676.02,0
20742,38,2,30758.23,1,1,0,93539.46,0
20743,28,1,44722.89,1,1,0,43747.41,0
20744,54,47,191464.58,1,0,0,38147.85,0
20745,53,69,114608.29,3,0,1,94941.42,0
20746,52,20,186546.15,1,1,1,119044.87,0
20747,36,11,115032.67,1,0,0,121595.73,0
20748,37,106,95870.89,1,1,0,55848.46,0
20749,35,2,62745.54,1,1,1,46552.08,0
20750,64,67,121274.19,1,1,1,22178.32,0
20751,58,87,27839.6,1,0,1,108295.89,0
20752,66,119,179652.33,3,1,0,29953.87,0
20753,31,12,165866.48,1,0,1,74698.96,0
20754,32,20,63506.29,2,0,0,98218.68,0
20755,48,5,190559.51,1,0,0,141824.16,0
20756,18,37,165040.15,1,0,1,60534.28,0
20757,20,38,133261.38,3,1,1,52470.38,0
20758,33,94,24352.38,3,0,0,105040.82,0
20759,40,9,95646.8,2,1,1,100501.07,0
20760,28,98,101221.51,2,1,1,63174.27,0
20761,29,53,46510.27,3,0,0,140653.24,0
20762,27,44,15993.08,3,1,1,129832.1,0
20763,49,99,155344.73,1,1,0,49117.73,0
20764,33,116,24407.01,3,0,0,51088.53,0
20765,25,86,118858.15,2,1,1,86599.05,0
20766,55,108,187289.83,1,1,0,120564.37,0
20767,29,24,175221.04,2,1,0,25725.25,0
20768,41,81,55550.52,1,1,1,110133.57,0
20769,45,74,170289.73,3,0,1,104270.67,0
20770,25,30,66.5,2,1,1,50092.41,0
20771,45,59,3537.56,1,1,0,108575.89,0
20772,53,110,120510.63,1,1,0,142223.81,0
20773,43,87,72959.64,3,1,1,26082.16,0
20774,25,96,77292.17,3,0,0,61554.77,0
20775,67,81,112888.22,3,1,1,76962.97,0
20776,45,114,38356.49,2,0,1,136903.85,0
20777,45,115,42351.07,1,1,0,145093.99,1
20778,54,81,96920.32,3,0,1,77734.98,0
20779,58,14,150850.71,2,0,0,117503.69,0
20780,53,9,123899.55,2,0,0,89115.93,0
20781,44,40,59471.01,2,0,1,89911.78,0
20782,34,66,86067.44,3,0,0,56152.94,0
20783,26,109,34132.95,3,1,1,48204.31,0
20784,50,25,14925.96,1,1,0,57440.69,0
20785,37,103,156539.21,1,1,0,92322.64,0
20786,30,73,53077.48,3,0,0,23790.17,0
20787,45,118,35553.28,2,1,1,137942.36,0
20788,65,22,138323.61,2,0,0,40316.88,0
20789,46,107,123610.33,2,0,1,48611.53,0
20790,30,110,126637.93,1,1,0,87375.9,0
20791,63,4,45778.92,2,1,0,112314.92,0
20792,52,26,46529.11,1,0,1,32444.78,0
20793,23,58,44160.53,1,0,1,61300.31,0
20794,35,29,34750.52,2,1,1,145927.7,0
20795,68,109,131144.73,2,1,1,54104.59,0
20796,22,98,169603.18,3,1,1,60696.52,0
20797,64,87,144863.49,3,1,0,128744.8,0
20798,42,37,158418.73,2,0,0,26527.88,0
20799,19,75,80959.69,1,1,1,80399.71,0
